twitter,domain,name,type
NBA,NBA.com,NBA,sports
realmadrid,realmadrid.com,Real Madrid C. F.,sports
FCBarcelona,fcbarcelona.com,FC Barcelona,sports
NFL,nfl.com,NFL,sports
ChampionsLeague,uefa.to,Champions League,sports
premierleague,premierleague.com,Premier League,sports
FCBarcelona_es,fcbarcelona.es,FC Barcelona,sports
FIFAcom,fifa.com,FIFA.com,sports
Arsenal,arsenal.com,Arsenal FC,sports
ManUtd,manutd.com,Manchester United,sports
NBA,NBA.com,NBA,sports
realmadrid,realmadrid.com,Real Madrid C. F.,sports
FCBarcelona,fcbarcelona.com,FC Barcelona,sports
NFL,nfl.com,NFL,sports
ChampionsLeague,uefa.to,Champions League,sports
premierleague,premierleague.com,Premier League,sports
FCBarcelona_es,fcbarcelona.es,FC Barcelona,sports
FIFAcom,fifa.com,FIFA.com,sports
Arsenal,arsenal.com,Arsenal FC,sports
ManUtd,manutd.com,Manchester United,sports
ChelseaFC,chelseafc.com,Chelsea FC,sports
GalatasaraySK,galatasaray.org,Galatasaray SK,sports
realmadriden,realmadrid.com,Real Madrid C.F.,sports
WWE,wwe.com,WWE,sports
MLB,MLB.com,MLB,sports
FCBarcelona_cat,fcbarcelona.cat,FC Barcelona,sports
LFC,liverpoolfc.com,Liverpool FC,sports
Fenerbahce,fenerbahce.org,Fenerbahçe SK,sports
Lakers,lakers.com,Los Angeles Lakers,sports
NHL,NHL.com,NHL,sports
miseleccionmx,miseleccion.mx,Selección Nacional,sports
IPL,iplt20.com,IndianPremierLeague,sports
fifacom_es,fifa.com,FIFA.com en español,sports
FIFAWorldCup,fifa.com,FIFAWorldCup,sports
Corinthians,corinthians.com.br,Corinthians,sports
ICC,icc-cricket.com,ICC,sports
MiamiHEAT,HEAT.com,Miami HEAT,sports
Olympics,olympic.org,Olympics,sports
CBF_Futebol,cbf.com.br,CBF Futebol,sports
Flamengo,flamengo.com.br,Flamengo,sports
FCFSeleccionCol,fcf.com.co,Selección Colombia,sports
acmilan,acmilan.com,AC Milan,sports
MCFC,mcfc.co.uk,Manchester City FC,sports
EuropaLeague,uefa.to,UEFA Europa League,sports
ufc,ufc.com,UFC,sports
PSG_inside,psg.fr,PSG Officiel,sports
LigaBBVA,ligabbva.com,LigaBBVA,sports
SaoPauloFC,saopaulofc.net,São Paulo FC,sports
UEFAcom,uefa.com,UEFA.com,sports
WWEUniverse,WWE.com,WWE Universe,sports
FCBayern,fcbayern.de,FC Bayern München,sports
chicagobulls,Bulls.com,Chicago Bulls,sports
Alhilal_FC,alhilal.com,نادي الهلال السعودي,sports
juventusfc,juventus.com,JuventusFC,sports
Chivas,chivasdecorazon.com.mx,CHIVAS,sports
NASCAR,nas.cr,#TheChase,sports
ChennaiIPL,chennaisuperkings.com,Chennai Super Kings,sports
Wimbledon,wimbledon.com,Wimbledon,sports
BCCI,bcci.tv,BCCI,sports
DFB_Team,team.dfb.de,Die Mannschaft,sports
Atleti,clubatleticodemadrid.com,Atlético de Madrid,sports
BVB,bvb.de,Borussia Dortmund,sports
SantosFC,santosfc.com.br,Santos Futebol Clube,sports
CF_America,clubamerica.com.mx,Club América,sports
letour,letour.fr,Le Tour de France,sports
LaLiga,laliga.es,LaLiga,sports
SEPalmeiras,palmeiras.com.br,S. E. Palmeiras,sports
celtics,nba.com,Boston Celtics,sports
gremiooficial,gremio.net,Grêmio FBPA,sports
Argentina,afa.com.ar,Selección Argentina,sports
fifaworldcup_es,es.fifa.com,Copa Mundial FIFA,sports
OM_Officiel,om.net,Olympique Marseille,sports
F1,Formula1.com,Formula 1,sports
NCAA,ncaa.org,NCAA,sports
england,TheFA.com,England,sports
BocaJrsOficial,bocajuniors.com.ar,Boca Jrs. Oficial,sports
Patriots,bit.ly,New England Patriots,sports
LIGABancomerMX,ligabancomer.mx,LIGA Bancomer MX,sports
Yankees,yankees.com,New York Yankees,sports
CityArabia,manchestercityfc.ae,نادي مانشستر سيتي,sports
dallascowboys,dallascowboys.com,Dallas Cowboys,sports
MotoGP,motogp.com,MotoGP™,sports
ussoccer,ussoccer.com,U.S. Soccer,sports
FA,TheFA.com,The FA,sports
ligapostobon,ligapostobon.com.co,Liga Postobon,sports
Besiktas,bjk.com.tr,Beşiktaş JK,sports
London2012,london2012.com,London 2012,sports
CollegeGameDay,,College GameDay,sports
skuadgaruda,,Timnas Indonesia,sports
KKRiders,kkr.in,KolkataKnightRiders,sports
OrlandoMagic,orlandomagic.com,Orlando Magic,sports
rolandgarros,rolandgarros.com,Roland Garros,sports
MLS,mlssoccer.com,Major League Soccer,sports
nyknicks,NYKnicks.com,NEW YORK KNICKS,sports
SpursOfficial,tottenhamhotspur.com,Tottenham Hotspur,sports
CARPoficial,cariverplate.com.ar,River Plate,sports
bundesliga_de,bundesliga.de,BUNDESLIGA,sports
MatchGrade,rainbow6.ubi.com,MatchGrade Nation,sports
nacionaloficial,atlnacional.com.co,Atlético Nacional,sports
MercedesAMGF1,MercedesAMGF1.com,MERCEDES AMG F1,sports
SeFutbol,sefutbol.es,Selección Española,sports
mipaltan,mumbaiindians.com,Mumbai Indians,sports
Seleccion_Col,,Selección Colombia,sports
RCBTweets,royalchallengers.com,Royal Challengers,sports
MLG,MLG.tv,MLG,sports
ScuderiaFerrari,ferrarif1.com,Scuderia Ferrari,sports
equipedefrance,fff.fr,Equipe de France,sports
RedSox,redsox.com,Boston Red Sox,sports
fifacom_ar,ar.fifa.com,FIFA.com - عربي,sports
NHLBlackhawks,chicagoblackhawks.com,Chicago Blackhawks,sports
warriors,warriors.com,Golden St. Warriors,sports
vascodagama,vasco.com.br,CR Vasco da Gama,sports
okcthunder,okcthunder.com,OKC THUNDER,sports
Cruzeiro,cruzeiro.com.br,Cruzeiro E. Clube,sports
atletico,atletico.com.br,Atlético,sports
BlueJays,BlueJays.com,Toronto Blue Jays,sports
packers,packers.com,Green Bay Packers,sports
DawryALJ,aljleague.com,دوري عبداللطيف جميل,sports
spurs,spurs.com,San Antonio Spurs,sports
steelers,steelers.com,Pittsburgh Steelers,sports
chelseafc_indo,indo.chelseafc.com,Chelsea FC Indonesia,sports
Seahawks,Seahawks.com,Seattle Seahawks,sports
49ers,49ers.com,San Francisco 49ers,sports
MapleLeafs,mapleleafs.com,Toronto Maple Leafs,sports
Phillies,phillies.com,Phillies,sports
McLarenF1,mclaren.com,McLaren,sports
PGATOUR,pgatour.com,PGA TOUR,sports
ufc_brasil,ufc.com.br,UFC Brasil,sports
SCInternacional,internacional.com.br,S. C. Internacional,sports
usopen,usopen.org,US Open Tennis,sports
sportrecife,sportrecife.com.br,Sport Club do Recife,sports
cavs,cavs.com,Cleveland Cavaliers,sports
redbullracing,infiniti-redbullracing.com,Red Bull Racing,sports
CanadiensMTL,canadiens.com,Canadiens Montréal,sports
Inter,inter.it,F.C. Internazionale,sports
lafabricacrm,,Cantera Real Madrid ,sports
SFGiants,sfgiants.com,San Francisco Giants,sports
alhilalcom,vb.alhilal.com,منتدى الهلال الرسمي,sports
XGames,xgames.com,X Games,sports
ecbahia,esporteclubebahia.com.br,Esporte Clube Bahia,sports
Eagles,philadelphiaeagles.com,Philadelphia Eagles,sports
Giants,,New York Giants,sports
Raptors,raptors.com,Toronto Raptors,sports
ChicagoBears,ChicagoBears.com,Chicago Bears,sports
ATPWorldTour,atpworldtour.com,ATP World Tour,sports
Cruz_Azul_FC,cruzazulfc.com,CRUZ AZUL FC ®,sports
AustralianOpen,ausopen.com,Australian Open,sports
OfficialASRoma,asroma.it,AS Roma,sports
Dodgers,Dodgers.com,Los Angeles Dodgers,sports
nyjets,nyjets.com,New York Jets,sports
Broncos,denverbroncos.com,Denver Broncos,sports
NHLBruins,BostonBruins.com,Boston Bruins,sports
HoustonRockets,rockets.com,Houston Rockets,sports
LAClippers,clippers.com,LA Clippers,sports
OL,olweb.fr,Olympique Lyonnais,sports
PumasMX,pumas.mx,PUMAS,sports
fifaworldcup_pt,pt.fifa.com,Copa do Mundo FIFA,sports
MillosFCoficial,millonarios.com.co,Millonarios FC,sports
AS_Monaco,asmonaco.com,AS MONACO,sports
ECVitoria,ecvitoria.com.br,E.C. Vitória,sports
LesVerts,faf.dz,"Les Verts d'Algérie",sports
dallasmavs,,Dallas Mavericks,sports
lionsdenkxip,kxip.in,Kings XI Punjab,sports
Saints,neworleanssaints.com,New Orleans Saints,sports
tigers,tigers.com,Detroit Tigers,sports
Cardinals,Cardinals.com,St. Louis Cardinals,sports
TeamUSA,TeamUSA.org,U.S. Olympic Team,sports
penguins,pittsburghpenguins.com,Pittsburgh Penguins,sports
jfa_samuraiblue,jfa.jp,サッカー日本代表,sports
Cubs,cubs.com,Chicago Cubs,sports
HoustonTexans,houstontexans.com,Houston Texans,sports
VanCanucks,canucks.com,Vancouver Canucks,sports
FluminenseFC,fluminense.com.br,Fluminense F.C.,sports
Braves,braves.com,Atlanta Braves,sports
LAKings,LAKINGS.com,LA Kings,sports
SunRisers,sunrisershyderabad.in,SunRisers Hyderabad,sports
Rayados,rayados.com,Rayados Oficial,sports
Ravens,BaltimoreRavens.com,Baltimore Ravens,sports
leones_cbbc,leones.com,Leones del Caracas,sports
BotafogoOficial,botafogo.com.br,Botafogo F.R,sports
TeamGB,TeamGB.com,Team GB,sports
TigresOficial,Tigres.com.mx,CLUB TIGRES OFICIAL,sports
DetroitRedWings,DetroitRedWings.com,Detroit Red Wings,sports
Everton,evertonfc.com,Everton,sports
valenciacf,valenciacf.com,Valencia CF,sports
rfef,rfef.es,RFEF,sports
atleticopr,atleticoparanaense.com,Atlético Paranaense,sports
NUFC,nufc.co.uk,Newcastle United FC,sports
rugbyworldcup,rugbyworldcup.com,Rugby World Cup,sports
Koke6,,Koke Resurrección,sports
sscnapoli,sscnapoli.it,Official SSC Napoli,sports
NBAHistory,nba.com,NBA History,sports
Dimayor,dimayor.com,DIMAYOR,sports
Rangers,texasrangers.com,Texas Rangers,sports
Lions,detroitlions.com,Detroit Lions,sports
Coritiba,coritiba.com.br,Coritiba FC,sports
Pacers,Pacers.com,Indiana Pacers,sports
Lotus_F1Team,lotusf1team.com,Lotus F1 Team,sports
DelhiDaredevils,delhidaredevils.com,Delhi Daredevils,sports
Persija_Jkt,persija.co.id,Persija Jakarta,sports
AFCAjax,ajax.nl,AFC Ajax,sports
BrooklynNets,brooklynnets.com,Brooklyn Nets,sports
BarcelonaSCweb,BarcelonaSC.com.ec,Barcelona S.C.,sports
KaizerChiefs,kaizerchiefs.com,Kaizer Chiefs,sports
ittihad,ittihadfc.com,نادي الاتحاد السعودي,sports
NYRangers,blueshirtsunited.com,New York Rangers,sports
OfficialCSA,cricket.co.za,Cricket South Africa,sports
AtlantaFalcons,atlantafalcons.com,Atlanta Falcons,sports
usabasketball,usab.com,USA Basketball,sports
FMF,femexfut.org.mx,FEMEXFUT,sports
ECB_cricket,ecb.co.uk,The ECB,sports
AlNassrFC,alnassrfc.com,نادي النصر السعودي,sports
TuFPF,,FPF,sports
LVBP_Oficial,lvbp.com,LVBP,sports
RAIDERS,raiders.com,OAKLAND RAIDERS,sports
Panthers,panthers.com,Carolina Panthers,sports
FCPorto,fcporto.pt,FC Porto,sports
GilmarRinaldi,,Gilmar Rinaldi,sports
clt20,clt20.com,#CLT20,sports
FigueirenseFC,figueirense.com.br,Figueirense FC,sports
SevillaFC,sevillafc.es,Sevilla Fútbol Club,sports
AllBlacks,allblacks.com,All Blacks,sports
AVFCOfficial,avfc.co.uk,Aston Villa FC,sports
SL_Benfica,slbenfica.pt,Sport Lisboa Benfica,sports
Sixers,Sixers.com,Philadelphia 76ers,sports
NHLFlyers,philadelphiaflyers.com,Philadelphia Flyers,sports
sccp,victormelges.wordpress.com,Corinthians,sports
CriciumaEC,criciumaec.com.br,Criciúma E.C.,sports
EnglandRugby,englandrugby.com,England Rugby,sports
ussoccer_wnt,ussoccer.com,U.S. Soccer WNT,sports
goiasec_oficial,.br,Goiás Esporte Clube,sports
whufc_official,whufc.com,West Ham United FC,sports
AthleticClub,athletic-club.eus,Athletic Club,sports
biathlonrus,biathlonrus.com,Союз биатлонистов RU,sports
Browns,clevelandbrowns.com,Cleveland Browns,sports
MU_Spokesperson,manutd.com,MU Spokesperson,sports
America_FC,,Club America,sports
Vikings,vikings.com,Minnesota Vikings,sports
WNBA,wnba.com,WNBA,sports
MiamiDolphins,dolphins.com,Miami Dolphins,sports
Redskins,redskins.com,Washington Redskins,sports
zenit_spb,fc-zenit.ru,ФК «Зенит»,sports
TeamCanada,olympic.ca,Team Canada,sports
trailblazers,trailblazers.com,Trail Blazers,sports
AFL,afl.com.au,AFL,sports
chiefs,chiefs.com,Kansas City Chiefs,sports
Magallanes_bbc,magallanesbbc.com.ve,Magallanes BBC,sports
WilliamsRacing,williamsmartiniracing.com,WILLIAMS RACING,sports
FVF_Oficial,federacionvenezolanadefutbol.org,FVF,sports
TeamSky,teamsky.com,Team Sky,sports
ColoColo,colocolo.cl,Colo-Colo,sports
clubleonfc,clubleon.mx,Club León,sports
Colts,colts.com,Indianapolis Colts,sports
FCBayernEN,fcbayern.de,FC Bayern English,sports
Chargers,chargers.com,San Diego #Chargers,sports
Suns,suns.com,#WeArePHX,sports
memgrizz,grizzlies.com,Memphis Grizzlies,sports
DFB_Team_EN,dfb.de,Germany,sports
Reds,reds.com,Cincinnati Reds,sports
EdmontonOilers,edmontonoilers.com,Edmonton Oilers,sports
Royals,royals.com,Royals,sports
Mets,mets.com,New York Mets,sports
SouthamptonFC,saintsfc.co.uk,Southampton FC,sports
FNATIC,fnatic.com,FNATIC,sports
TheMasters,masters.com,Masters Tournament,sports
JFA,jfa.jp,日本サッカー協会,sports
AroundTheNFL,youtube.com,Around The NFL,sports
fcsm_official,spartak.com,FC Spartak Moscow,sports
FCBbasket,fcbarcelona.cat,FCB Basket,sports
PersibOfficial,persib.co.id,PERSIB,sports
sochi2014_ru,sochi2014.com,Игры Сочи 2014,sports
DetroitPistons,pistons.com,Detroit Pistons,sports
buffalobills,buffalobills.com,Buffalo Bills,sports
FCBmasia,fcbarcelona.cat,FC Barcelona - Masia,sports
ASSEofficiel,asse.fr,ASSE,sports
SwansOfficial,swanseacity.net,Swansea City AFC,sports
fifaworldcup_ar,ar.fifa.com,FIFA.com AR live,sports
Bengals,bengals.com,Cincinnati Bengals,sports
Vivo_Azzurro,vivoazzurro.it,Nazionale Italiana,sports
NBAOfficial,nba.com,NBA Official,sports
hornets,hornets.com,Charlotte Hornets,sports
WashWizards,WashingtonWizards.com,Washington Wizards,sports
ClubSantos,clubsantos.mx,ClubSantosLaguna,sports
Pirates,pirates.com,Pittsburgh Pirates,sports
nuggets,nuggets.com,Denver Nuggets,sports
UEFAEURO,euro2016.tickets.uefa.com,UEFA EURO 2016,sports
ATLHawks,Hawks.com,Atlanta Hawks,sports
IrishRugby,irishrugby.ie,Irish Rugby,sports
UEFAcom_es,es.uefa.com,UEFA.com en español,sports
ManUtd_ID,manutd.com,Manchester United,sports
XolosOficial,xolos.com.mx,@XolosOficial,sports
Trabzonspor,trabzonspor.org.tr,Trabzonspor Kulübü,sports
FFF,fff.fr,FFF,sports
marchmadness,ncaa.com,NCAA March Madness,sports
MalagaCF,malagacf.com,Málaga CF,sports
SunderlandAFC,safc.com,Sunderland AFC,sports
losclive,losc.fr,LOSC,sports
TeamHendrick,hendrickmotorsports.com,Hendrick Motorsports,sports
Universitario,clubuniversitario.pe,Universitario,sports
WTA,wtatennis.com,WTA,sports
utahjazz,utahjazz.com,Utah Jazz,sports
udechile,udechile.cl,Universidad de Chile,sports
Orioles,orioles.com,Baltimore Orioles,sports
cricketworldcup,cricketworldcup.com,Cricket World Cup,sports
Timberwolves,timberwolves.com,Timberwolves,sports
ESL,eslgaming.com,ESL,sports
KNVB,knvb.nl,KNVB,sports
mnwild,wild.com,Minnesota Wild,sports
atlasfc,atlasfc.com.mx,Atlas FC,sports
PelicansNBA,pelicans.com,New Orleans Pelicans,sports
Bucks,bucks.com,Milwaukee Bucks,sports
SacramentoKings,Kings.com,Sacramento Kings,sports
stokecity,stokecityfc.com,Stoke City FC,sports
nblindonesia,nblindonesia.com,NBL Indonesia,sports
NBAAllStar,nba.com,2016 NBA All-Star,sports
NHLPA,nhlpa.com,NHLPA,sports
Orlando_Pirates,orlandopiratesfc.com,Orlando Pirates FC,sports
BCBtigers,tigercricket.com.bd,Bangladesh Cricket,sports
NHLFlames,calgaryflames.com,Calgary Flames,sports
Tuzos,pachuca.futbol,Club Pachuca,sports
RealSociedad,realsociedad.com,Real Sociedad Fútbol,sports
Springboks,sarugby.co.za,South African Rugby,sports
acffiorentina,violachannel.tv,ACF Fiorentina,sports
Angels,angels.com,Angels,sports
FHR_RU,FHR.ru,Russian Ice Hockey,sports
BelRedDevils,,BelgianRedDevils,sports
ToulouseFC,tfc.info,Toulouse FC Officiel,sports
Indians,indians.com,Cleveland Indians,sports
StLouisBlues,stlouisblues.com,#HockeyFightsCancer,sports
TolucaFC,tolucafc.com,Toluca FC,sports
AsoDeporCali,DeportivoCali.co,Deportivo Cali,sports
ForceIndiaF1,saharaforceindiaf1.com,Sahara Force India,sports
juventusfcen,juventus.com,JuventusFC,sports
Sporting_CP,sporting.pt,Sporting CP,sports
umichfootball,MGoBlue.com,Michigan Football,sports
SauberF1Team,sauberf1team.com,Sauber F1 Team,sports
whitesox,whitesox.com,Chicago White Sox,sports
azzurri,vivoazzurro.it,Italy,sports
ManorF1Team,,Manor F1 Team,sports
washcaps,WashingtonCaps.com,Washington Capitals,sports
Twins,,Minnesota Twins,sports
s04,schalke04.de,FC Schalke 04,sports
NRL,nrl.com,NRL,sports
StreetLeague,streetleague.com,STREET LEAGUE,sports
ZSCOfficial,,Zamalek SC,sports
WBAFCofficial,wba.co.uk,West Bromwich Albion,sports
CSEmelec,emelec.com.ec,Club Sport Emelec,sports
PFC_CSKA_MOSCOW,pfc-cska.com,PFC CSKA MOSCOW,sports
AlAinFans_,youtube.com,AlAin Club News,sports
SanJoseSharks,sjsharks.com,San Jose Sharks,sports
UEFA,uefa.org,UEFA,sports
TBBuccaneers,,Tampa Bay Buccaneers,sports
CONMEBOL,conmebol.com,CONMEBOL.com,sports
CrossFit,crossfit.com,CrossFit,sports
ALAHLI_FC,alahlifc.sa,النادي الأهلي ,sports
Nationals,nationals.com,Washington Nationals,sports
AmericadeCali,americadecali.co,América de Cali,sports
Mariners,mariners.com,Seattle Mariners,sports
Senators,ottawasenators.com,Ottawa Senators,sports
NHLJets,winnipegjets.com,Winnipeg Jets,sports
Titans,titansonline.com,Tennessee Titans,sports
TeamRazer,,Team Razer,sports
TBLightning,tampabaylightning.com,Tampa Bay Lightning,sports
afa,afa.org.ar,AFA,sports
lionsofficial,lionsrugby.com,British&Irish Lions,sports
CA2015,ca2015.com,Copa América 2015,sports
BuffaloSabres,sabres.com,Buffalo Sabres,sports
HAWKS_official,softbankhawks.co.jp,福岡ソフトバンクホークス（公式）,sports
ToroRossoSpy,tororosso.com,Toro Rosso,sports
Brewers,brewers.com,Milwaukee Brewers,sports
RealBetis,realbetisbalompie.es,Real Betis Balompié,sports
celticfc,celticfc.net,Celtic Football Club,sports
ManUtd_Es,espanol.manutd.com,Manchester United,sports
STLouisRams,stlouisrams.com,St. Louis Rams,sports
PueblaFC,puebla-fc.com,Puebla F.C,sports
PGAcom,pga.com,PGA.COM,sports
QPRFC,qpr.co.uk,QPR FC,sports
GoldenBoyBoxing,goldenboypromotions.com,GoldenBoyPromotions,sports
JuniorClubSA,juniorfc.co,Club Junior FC,sports
Euroleague,euroleague.net,EuroleagueBasketball,sports
fifacom_pt,pt.fifa.com,FIFA.com português,sports
natusvincere,navi-gaming.com,Natus Vincere,sports
astros,astros.com,Houston Astros,sports
Club_Queretaro,clubqueretaro.com,Gallos de Querétaro,sports
Ligue1_ENG,,Ligue1,sports
fcbarcelona_ara,fcbarab.com,FC Barcelona,sports
AlabamaFTBL,rolltide.com,Alabama Football,sports
FIBA,FIBA.com,FIBA,sports
NorwichCityFC,canaries.co.uk,Norwich City FC,sports
RedScarce,youtube.com,Scarce,sports
OfficialSLC,srilankacricket.lk,Sri Lanka Cricket,sports
SoaRGaming,youtube.com,SoaR Gaming,sports
SEC,secsports.com,SEC Sports,sports
Athletics,athletics.com,Oakland Athletics,sports
TeamEnVyUs,teamenvyus.com,EnVy,sports
Brasil2016,brasil2016.gov.br,Brasil 2016,sports
youtholympics,olympic.org,Youth Olympic Games,sports
gencfborg,,GENCFBorg,sports
AlAhly,alahlyegypt.com,Al Ahly SC,sports
football_league,football-league.co.uk,The Football League,sports
RMBaloncesto,realmadrid.com,RM Baloncesto,sports
FBBasketbol,fenerbahce.org,Fenerbahçe Basketbol,sports
Socceroos,footballaustralia.com.au,Socceroos,sports
StewartHaasRcng,stewarthaasracing.com,Stewart-Haas Racing,sports
DallasStars,DallasStars.com,Dallas Stars,sports
RaysBaseball,raysbaseball.com,Tampa Bay Rays,sports
Avalanche,coloradoavalanche.com,Colorado Avalanche,sports
TheOpen,TheOpen.com,The Open,sports
Ro7_G_Alhilal,alhilal.com,روح جمهور الهلال,sports
wsl,worldsurfleague.com,World Surf League,sports
NHLDevils,newjerseydevils.com,New Jersey Devils,sports
OfficialSSLazio,sslazio.it,SS Lazio,sports
TheRealPCB,pcb.com.pk,PCB Official,sports
FulhamFC,fulhamfc.com,Fulham Football Club,sports
AnaheimDucks,AnaheimDucks.com,Anaheim Ducks,sports
CaterhamF1,caterhamf1.com,Caterham F1 Team,sports
CrossFitGames,Games.CrossFit.com,The CrossFit Games,sports
CPFC,cpfc.co.uk,Crystal Palace FC,sports
ANFPChile,anfp.cl,ANFP Chile,sports
nbadleague,nba.com,NBA D-League,sports
FCBfutbolsala,fcbarcelona.cat,FCB Futbol Sala,sports
Fenerbahce_EN,fenerbahce.org,Fenerbahce_EN,sports
LAGalaxy,lagalaxy.com,LA Galaxy,sports
UGAAthletics,georgiadogs.com,Georgia Bulldogs,sports
FCNantes,fcnantes.com,FC Nantes,sports
ONEFCMMA,onefc.com,ONE Championship,sports
GammaGamers,GammaGamers.com,Gamma Gamers™,sports
DragonsOfficial,dragons.jp,中日ドラゴンズ公式,sports
Feyenoord,feyenoord.nl,Feyenoord Rotterdam,sports
fcbarcelona_id,fcbarcelona.co.id,FC Barcelona ,sports
UNC_Basketball,goheels.com,Carolina Basketball,sports
PSV,psv.nl,PSV,sports
NBAcom,nba.com,NBA.com,sports
fifacom_de,de.fifa.com,FIFA.com auf deutsch,sports
ElNacionalLVBP,,El Nacional Béisbol,sports
Cloud9gg,cloud9.gg,Cloud9 G2A,sports
Rio2016_en,rio2016.com,Rio 2016,sports
BlueJacketsNHL,bluejackets.nhl.com,NHL Blue Jackets,sports
Caracas_FC,caracasfutbolclub.com,Caracas Fútbol Club,sports
Jaguars,jaguars.com,Jacksonville Jaguars,sports
officialgaa,gaa.ie,The GAA,sports
fifaworldcup_de,de.fifa.com,FIFA WM,sports
WelshRugbyUnion,wru.wales,Welsh Rugby Union,sports
Uruguay,auf.org.uy,Selección Uruguaya,sports
FCBhandbol,,FCB Handbol,sports
JRMotorsports,jrmracing.com,JR Motorsports,sports
HockeyCanada,HockeyCanada.ca,Hockey Canada,sports
FIFAar,fifa.com,FIFA أخبار,sports
EvilGeniuses,evilgeniuses.gg,Evil Geniuses,sports
SCBastia,sc-bastia.corsica,SC Bastia,sports
Belgianfootball,belgianfootball.be,Belgian Football,sports
HSV,hsv.de,Hamburger SV,sports
Movistar_Team,movistarteam.com,Movistar Team,sports
FuerzaMonarca,fuerzamonarca.com,Monarcas Morelia,sports
Formula1,formula1.com,Formula1.com,sports
fia,fia.com,FIA,sports
Dbacks,dbacks.com,Arizona Diamondbacks,sports
Feneristcom,fenerist.com,Fenerist •,sports
AUFOficial,auf.org.uy,AUF,sports
TigersDreamlink,hanshintigers.jp,阪神タイガース,sports
SantaFe,independientesantafe.co,Ind. Santa Fe,sports
dakar,dakar.com,DAKAR RALLY,sports
Huskers,huskers.com,Nebraska Huskers,sports
LCFC,lcfc.com,Leicester City,sports
SanLorenzo,sanlorenzo.com.ar,San Lorenzo,sports
RVMOficial,rayovallecano.es,Rayo Vallecano,sports
KentuckyMBB,ukathletics.com,Kentucky Basketball,sports
PredsNHL,nashvillepredators.com,Nashville Predators,sports
spfc,,São Paulo FC,sports
TigresdelLicey,licey.com,Tigres del Licey,sports
AZCardinals,azcardinals.com,Arizona Cardinals,sports
aguilasdelzulia,aguilas.com,Aguilas del Zulia,sports
Vol_Football,utsports.com,Tennessee Football,sports
NYIslanders,newyorkislanders.com,New York Islanders,sports
HRC_MotoGP,,Repsol Honda Team,sports
torontofc,torontofc.ca,Toronto FC,sports
fifacom_fr,,FIFA.com en Français,sports
tpoint,tsite.jp,Tポイント,sports
FIFAWWC,fifa.to,"FIFA Women'sWorldCup",sports
BMWMotorsport,bmw-motorsport.com,BMW Motorsport,sports
BLACKCAPS,blackcaps.co.nz,BLACKCAPS,sports
Rockies,Rockies.com,Colorado Rockies,sports
HullCity,hullcitytigers.com,Hull City,sports
UBBrugby,ubbrugby.com,Union BordeauxBègles,sports
LFCTV,liverpoolfc.com,LFC TV,sports
werderbremen,werder.de,SV Werder Bremen,sports
clgaming,clgaming.net,Counter Logic Gaming,sports
OhioStAthletics,OhioStateBuckeyes.com,Ohio State Buckeyes,sports
NASCAR_XFINITY,nas.cr,NASCAR XFINITY,sports
Chiapas_FC,chiapasfc.com,Chiapas Jaguar,sports
NYCFC,nycfc.com,New York City FC,sports
Japan_Olympic,joc.or.jp,日本オリンピック委員会（JOC）,sports
Padres,padres.com,San Diego Padres,sports
fcbarcelona_fra,fcbarcelona.fr,FC Barcelona,sports
SoundersFC,soundersfc.com,Seattle Sounders FC,sports
SuperBowl,superbowl.com,Super Bowl,sports
fckoeln,fc-koeln.de,1. FC Köln,sports
RangersFC,rangers.co.uk,Rangers FC,sports
usahockey,usahockey.com,USA Hockey,sports
OfficialWRC,wrc.com,WRC,sports
IRONMANtri,ironman.com,IRONMAN Triathlon,sports
teamnovonordisk,TeamNovoNordisk.com,Team Novo Nordisk,sports
MontpellierHSC,mhscfoot.com,MHSC,sports
LigadeCampeones,es.uefa.com,Liga de Campeones,sports
bayer04fussball,bayer04.de,Bayer 04 Leverkusen,sports
VillarrealCF,villarrealcf.com,Villarreal CF,sports
StadeToulousain,stadetoulousain.fr,Stade Toulousain,sports
BKRacing_2383,bkracing.com,BK Racing,sports
fifamedia,fifa.com,FIFA Media,sports
girondins,girondins.com,FCGirondins Bordeaux,sports
ACBCOM,acb.com,Liga Endesa,sports
IndyCar,indycar.com,IndyCar Series,sports
VfB,vfb.de,VfB Stuttgart,sports
NFLNow,nfl.com,NFL Now,sports
WhitecapsFC,whitecapsfc.com,Vancouver Whitecaps,sports
FEFecuador,ecuafutbol.org,F.E.F.,sports
EuropeanTour,europeantour.com,The European Tour,sports
TheNBPA,nbpa.com,NBPA,sports
Rio2016,rio2016.com,Rio 2016,sports
Sochi2014,sochi2014.com,Sochi 2014,sports
FloridaGators,gatorzone.com,Florida Gators,sports
rbs_6_nations,rbs6nations.com,RBS 6 Nations,sports
NHLCanes,CarolinaHurricanes.com,Carolina Hurricanes,sports
FCBhoquei,fcbarcelona.cat,FCB Hoquei,sports
ultrAslanUNI,ultrAslanUNI.com,ultrAslan UNI,sports
ArizonaCoyotes,ArizonaCoyotes.com,Yotes,sports
sampdoria,sampdoria.it,U.C. Sampdoria,sports
rccelta_oficial,celtavigo.net,RC Celta de Vigo,sports
YankeesPR,yankees.com,Yankees PR Dept.,sports
UA_Athletics,rolltide.com,Alabama Athletics,sports
borussia,borussia.de,Borussia,sports
GenoaCFC,genoacfc.it,Genoa CFC,sports
GranadaCdeF,granadacf.es,Granada C.F.,sports
Marlins,marlins.com,Miami Marlins,sports
BellatorMMA,bellator.com,Bellator MMA,sports
RCDEspanyol,rcdespanyol.com,RCD ESPANYOL OFICIAL,sports
MHR_officiel,montpellier-rugby.com,Montpellier Rugby,sports
Independiente,clubaindependiente.com,C. A. Independiente,sports
TexansCheer,houstontexans.com,Texans Cheerleaders,sports
ogcnice,ogcnice.com,OGC Nice,sports
Udinese_1896,udinese.it,Udinese Calcio,sports
Alhilal_EN,alhilal.com,AlHilal Saudi Club,sports
LaticsOfficial,wiganathletic.com,Wigan Athletic,sports
BursasporSk,bursaspor.org.tr,Bursaspor,sports
SportingKC,SportingKC.com,Sporting Kansas City,sports
staderennais,staderennais.com,Stade Rennais F.C.,sports
FootballAU,AuburnTigers.com,Auburn Football,sports
LevanteUD,levanteud.com,Levante UD,sports
TorinoFC_1906,torinofc.it,Torino Football Club,sports
FCBayernES,,FC Bayern Español,sports
BMCProTeam,bmcracingteam.com,BMC Racing Team,sports
TeamRussia,rfs.ru,Сборная России,sports
umichbball,MGoBlue.com,Michigan Basketball,sports
Atlante,atlantefc.com.mx,Atlante,sports
Wallabies,rugby.com.au,Wallabies,sports
FlaPanthers,floridapanthers.com,Florida Panthers,sports
TeamKaliber,teamkaliber.com,TEAM KALIBER,sports
impactmontreal,impactmontreal.com,Impact de Montréal,sports
LFPfr,lfp.fr,LFP,sports
zumba,iconosquare.com,Zumba,sports
PSG_arab,ar.psg.fr,PSG arab,sports
Etixx_QuickStep,etixx-quickstep.com,Etixx - Quick-Step,sports
OficialTigres,tigresdearagua.net,Tigres de Aragua,sports
dukeblueplanet,dukeblueplanet.com,Duke Basketball,sports
HellasVeronaFC,hellasverona.it,Hellas Verona FC,sports
pbaconnect,pba.ph,PBA,sports
ReadingFC,readingfc.co.uk,Reading FC,sports
theAllianceGG,thealliance.gg,Alliance,sports
sumokyokai,sumo.or.jp,日本相撲協会公式,sports
FSU_Football,seminoles.com,FSU Football,sports
UWBadgers,UWBadgers.com,Wisconsin Badgers,sports
TheAutomaticHQ,bit.ly,Auto,sports
WWEonYouTube,youtube.com,WWE on YouTube,sports
CardiffCityFC,cardiffcityfc.co.uk,Cardiff City FC,sports
MLB_PR,,MLB Communications,sports
pgaofamerica,pga.org,PGA of America,sports
TransferNewsCen,transfernewscentral.com,Transfer Central TNC,sports
USASwimming,USASwimming.org,USA Swimming,sports
UCI_cycling,uci.ch,UCI,sports
CardenalesDice,cardenalesdelara.com,Cardenalesdelara.com,sports
ufcfightclub,ufcfightclub.com,UFC Fight Club,sports
fcbayern_news,fcbayern.de,FC Bayern News,sports
leinsterrugby,leinsterrugby.ie,Leinster Rugby,sports
NiPGaming,NiP.gl,NiP Gaming,sports
nflmx,nfl.com,NFL México,sports
HoustonDynamo,houstondynamo.com,Houston Dynamo,sports
IndSuperLeague,indiansuperleague.com,Indian Super League,sports
OU_Football,SoonerSports.com,Oklahoma Football,sports
RCDeportivo,canaldeportivo.com,RC Deportivo,sports
SOLO_JUNIOR,solojunior.com,SoloJunior,sports
LUFC,leedsunited.com,Leeds United FC,sports
NDFootball,und.com,Notre Dame Football,sports
Atalanta_BC,atalanta.it,Atalanta B.C.,sports
CONCACAF,concacaf.com,CONCACAF,sports
selecaoportugal,fpf.pt,selecaoportugal,sports
paiNGamingBR,pain.gg,paiN Gaming,sports
CSKABasketball,cskabasket.com,CSKA Moscow,sports
LigaAguila,ligaaguila.com.co,LIGA AGUILA,sports
fcbarcelona_jp,fcbarcelona.jp,FC Barcelona,sports
Scotlandteam,scottishrugby.org,Scottish Rugby ,sports
AmyHeartLive,AmyHeartLive.com,Amy Heart,sports
JahovaPlays,youtube.com,JahovaPlays,sports
OnsOranje,onsoranje.nl,OnsOranje,sports
Ride_Argyle,slipstreamsports.com,Cannondale-Garmin,sports
FCLorientOff,fclweb.fr,FC LORIENT Officiel,sports
LasMayores,LasMayores.com,LasMayores,sports
realmadridjapan,realmadrid.com,レアル・マドリード公式,sports
WorldRugby,worldrugby.org,World Rugby,sports
Glasgow2014,glasgow2014.com,Glasgow 2014,sports
FenafuthOrg,fenafuth.org,FENAFUTH,sports
FCBfanatics,,FCB Fanàtics,sports
BadgerMBB,uwbadgers.com,Wisconsin Basketball,sports
sskroughriders,riderville.com,Sask. Roughriders,sports
FFRugby,ffr.fr,FF Rugby,sports
fcrk,rubin-kazan.ru,«Рубин» Казань,sports
SpartanRace,spartan.com,Spartan Race,sports
Munsterrugby,munsterrugby.ie,Munster Rugby,sports
BBL,bigbash.com.au,KFC Big Bash League,sports
LFCIndonesia,indonesia.liverpoolfc.com,LFC Indonesia,sports
NewYorkRedBulls,newyorkredbulls.com,New York Red Bulls,sports
BafanaBafana,safa.net,Bafana Bafana,sports
rydercup,rydercup.com,Ryder Cup,sports
BASS_nation,bassmaster.com,Bassmaster,sports
Official_NFFC,nottinghamforest.co.uk,Nottingham Forest FC,sports
TheOpTicHouse,youtube.com,TheOpTicHouse,sports
Galatasaray,galatasaray.org,Galatasaray EN,sports
FCSM_officiel,fcsochaux.fr,FCSM_officiel,sports
Big12Conference,Big12Sports.com,Big 12 Conference,sports
ACChievoVerona,chievoverona.it,A.C. ChievoVerona,sports
Leones_del_Ccs,,Leones del Caracas,sports
CAF_Online,cafonline.com,CAF,sports
OrlandoCitySC,orlandocitysc.com,Orlando City SC,sports
OU_Athletics,SoonerSports.com,Oklahoma Sooners,sports
Eintracht_News,eintracht.de,Eintracht Frankfurt,sports
Americaenlared,americaenlared.co,Américaenlared,sports
Federvolley,federvolley.it,Federvolley.it,sports
Olympic,olympic.org,Олимпийские игры,sports
barangayginebra,ginebrafancorner.tumblr.com,Barangay Ginebra,sports
ncsa,ncsasports.org,Athletic Recruiting,sports
DvoTachira,deportivotachira.com,Deportivo Táchira FC,sports
LDU_Oficial,ldu.com.ec,LDU Oficial,sports
elClubOlimpia,clubolimpia.com.py,Club Olimpia,sports
VfL_Wolfsburg,vfl-wolfsburg.de,VfL_Wolfsburg,sports
Hannover96,hannover96.de,Hannover 96,sports
SuperRugby,sanzarrugby.com,Super Rugby,sports
premrugby,premiershiprugby.com,Premiership Rugby,sports
AuburnTigers,AuburnTigers.com,Auburn Tigers,sports
realvalladolid,realvalladolid.es,Real Valladolid C.F.,sports
bostonmarathon,baa.org,Boston Marathon,sports
KUAthletics,kuathletics.com,Kansas Jayhawks,sports
OfficialWolves,wolves.co.uk,Wolves,sports
FordPerformance,fordperformance.com,Ford Performance,sports
GoDucks,goducks.com,GoDucks,sports
ArsenalLadies,,Arsenal Ladies,sports
BurnleyOfficial,burnleyfootballclub.com,Burnley FC,sports
NCAACWS,NCAA.com,NCAA Baseball,sports
RacingClub,racingclub.com.ar,Racing Club,sports
GamecocksOnline,GamecocksOnline.com,Gamecock Athletics,sports
Meekelangelo,youtube.com,Tyler | Meek,sports
NASCAR_Trucks,nas.cr,NASCAR Trucks,sports
RCTofficiel,rctoulon.com,RCT - RC Toulon,sports
EdelpOficial,estudiantesdelaplata.com,Estudiantes de L.P.,sports
SanLuis_FC,clubsanluis.com.mx,San Luis Fútbol Club,sports
ETGfc,etgfc.com,ETG FC,sports
USAGym,usagym.org,USA Gymnastics,sports
juventusfces,espanol.juventus.com,JuventusFC,sports
CAOsasuna,osasuna.es,CA OSASUNA,sports
StadeDeReims,stade-de-reims.com,Stade de Reims,sports
BJKKartalYuvasi,kartalyuvasi.com.tr,BJK Kartal Yuvası,sports
WinTheDay,goducks.com,Oregon Football,sports
TeamChevy,chevy.com,Team Chevy,sports
Team_Vitality,team-vitality.fr,Vitality,sports
CapitalOne_Cup,capitalonecup.co.uk,Capital One Cup,sports
CBCOlympics,cbc.ca,CBC Olympics,sports
GoHeels,GoHeels.com,UNC Tar Heels,sports
NCAAsoftball,ncaa.com,NCAA Softball,sports
HamedHaddadi15,,Hamed Haddadi,sports
Tokyo2020jp,tokyo2020.jp,Tokyo 2020,sports
elchecfoficial,elchecf.es,Elche Club de Fútbol,sports
fc_anji,fc-anji.ru,ФК «Анжи»,sports
EURO2016,euro2016.fr,UEFA EURO 2016,sports
Albirroja,apf.org.py,Selección Paraguaya,sports
atletidekolkata,atleticodekolkata.com,Atlético de Kolkata,sports
RunRocknRoll,RunRocknRoll.com,Rock n Roll Marathon,sports
usavolleyball,usavolleyball.org,USA Volleyball,sports
ORICA_GreenEDGE,greenedgecycling.com,ORICA-GreenEDGE,sports
rio2016_es,rio2016.com,Rio 2016,sports
RyderCupEurope,rydercup.com,Ryder Cup Team EUR,sports
TeamLiquidnet,teamliquid.net,TeamLiquid,sports
MSU_Football,msuspartans.com,Spartan Football,sports
tinkoff_saxo,tinkoffsaxo.com,Tinkoff Saxo,sports
ScottishFA,scottishfa.co.uk,Scottish FA,sports
tiburonesrojos,Tiburones-Rojos.com,Tiburones Rojos _/)_,sports
HomeOfCricket,lords.org,"Lord's Ground",sports
ghanafaofficial,ghanafa.org,Ghana FA,sports
ParalympicsGB,paralympics.org.uk,ParalympicsGB,sports
NAKMASNGB,nakmas.org.uk,NAKMAS NGB,sports
MWRteam,michaelwaltripracing.com,M. Waltrip Racing ,sports
realmadridfra,realmadrid.com,Real Madrid C.F.,sports
MLBStatoftheDay,MLB.com,MLB Stat of the Day,sports
tvgalo,tvgalo.com.br,TV Galo,sports
NDmbb,und.com,Notre Dame MBB,sports
ManUtd_AR,arabic.manutd.com,مانشستر يونايتد,sports
ALeague,a-league.com.au,Hyundai A-League,sports
fepafut,fepafut.com,FEPAFUT,sports
U_D_Almeria,udalmeriasad.com,UD Almería,sports
FFA,footballaustralia.com.au,Football Australia,sports
rfpl,rfpl.org,РФПЛ,sports
NoticiasMillos,noticiasmillos.net,Millonarios F.C.,sports
ligaindonesia,ligaindonesia.co.id,ligaindonesia,sports
baloncestofeb,feb.es,FEB,sports
BCFC,bcfc.com,Birmingham City FC,sports
dcfcofficial,dcfc.co.uk,Derby County,sports
deporguada,deportivoguadalajara.es,C.D. Guadalajara,sports
catleticomg,sougalo.com,Atlético Mineiro,sports
MCFCEspanol,espanol.mcfc.com,Manchester City FC,sports
BBC2012,bbc.co.uk,BBC 2012,sports
cordobacfsad,cordobacf.com,Córdoba CF,sports
EAGuingamp,eaguingamp.com,En Avant de Guingamp,sports
DCCheerleaders,dallascowboyscheerleaders.com,Cowboys Cheerleaders,sports
usatf,usatf.org,USATF,sports
khl,khl.ru,KHL,sports
SassuoloUS,sassuolocalcio.it,U.S. Sassuolo,sports
TimbersFC,timbers.com,Portland Timbers,sports
escuderiatelmex,escuderiatelmex.com,Escudería Telmex,sports
1_fc_nuernberg,fcn.de,1. FC Nürnberg,sports
NGSuperEagles,thenff.com,Nigeria Super Eagles,sports
pzpn_pl,pzpn.pl,PZPN,sports
Coninews,,CONI,sports
USAWrestling,themat.com,USA Wrestling,sports
AMR_Official,astonmartinracing.com,Aston Martin Racing,sports
kr_motorsports,kr-motorsports.ch,kr-motorsports,sports
NFLPA,NFLPA.com,NFLPA,sports
BritishCycling,britishcycling.org.uk,British Cycling,sports
rclensofficiel,rclens.fr,Racing club de Lens,sports
CCP1912oficial,cerro.com.py,Club Cerro Porteño,sports
PBR,pbr.com,PBR,sports
RealZaragoza,realzaragoza.com,Real Zaragoza,sports
SeleVinotinto,federacionvenezolanadefutbol.org,La Vinotinto,sports
ClubTiburones,clubtiburonesrojos.mx,Tiburones Rojos,sports
afcasiancup,afcasiancup.com,AFC Asian Cup,sports
KBFCOfficial,,Kerala Blasters FC,sports
WatfordFC,watfordfc.com,Watford FC,sports
CFBPlayoff,collegefootballplayoff.com,CFBPlayoff,sports
FEDEFUTBOL_CR,fedefutbolcr.com,FEDEFUTBOL,sports
kleague,kleague.com,K LEAGUE,sports
DOSB,dosb.de,DOSB,sports
CagliariCalcio,cagliaricalcio.com,Cagliari Calcio,sports
HerthaBSC,herthabsc.de,Hertha BSC,sports
GSBasketbol,galatasaray.org,Galatasaray Basket,sports
MinerosFc,,Mineros de Zacatecas,sports
TheSMCMixers,,STAR HotShots,sports
bigten,bigten.org,Big Ten Conference,sports
UFC_CA,ufc.com,UFC Canada,sports
gimnasiaoficial,gimnasia.org.ar,GIMNASIA,sports
NBADraft,,NBA Draft,sports
englandcricket,ecb.co.uk,England Cricket,sports
Copa_Argentina,copaargentina.org,Copa Argentina,sports
smliiga,liiga.fi,Liiga,sports
SummerSlam,SummerSlam.com,WWE SummerSlam,sports
luchalibreaaa,luchalibreaaa.com,Lucha Libre AAA,sports
J_League,jleague.jp,Ｊリーグ,sports
ArkRazorbacks,ArkansasRazorbacks.com,Arkansas Razorbacks,sports
afcbournemouth,afcb.co.uk,AFC Bournemouth,sports
CANOBoficial,newellsoldboys.com.ar,"Newell's Old Boys",sports
Team_Penske,teampenske.com,Team Penske,sports
PET_Motorsports,petmos.com.my,PETRONAS Motorsports,sports
AllStarGame,AllStarGame.com,All-Star Game,sports
OneRovers,rovers.co.uk,Blackburn Rovers,sports
Vol_Sports,utsports.com,Tennessee Athletics,sports
LondonMarathon,virginmoneylondonmarathon.com,LondonMarathon,sports
WWEClassics,WWEClassics.com,WWEClassics.com,sports
Millos_FC,,Millonarios F.C,sports
aguilascibaenas,aguilas.com.do,Aguilas Cibaeñas BBC,sports
TheSharksZA,sharksrugby.co.za,The Sharks,sports
LPGA,lpga.com,LPGA,sports
ManUtd_MY,manutd.com,Manchester United,sports
MTLAlouettes,montrealalouettes.com,#AlsMTL,sports
swfc,swfc.co.uk,Sheffield Wednesday,sports
ESPN_Skate,XGames.com,ESPN Skateboarding,sports
WorldRugby7s,worldrugby.org,World Rugby Sevens,sports
ST_SPFC,sociotorcedor.com.br,Sócio Torcedor SPFC,sports
UDLP_Oficial,udlaspalmas.es,UD Las Palmas ,sports
FAIreland,fai.ie,FAI,sports
WorldSBK,worldsbk.com,WorldSBK,sports
calstampeders,stampeders.com,Calgary Stampeders,sports
Wpg_BlueBombers,bluebombers.com,BLUEGOLDS,sports
RCRracing,rcrracing.com,#RCRNation,sports
letouryorkshire,letour.yorkshire.com,Tour de Yorkshire,sports
la_roja,,La Roja,sports
NHRA,nhra.com,#NHRA,sports
EuroQualifiers,uefa.to,European Qualifiers,sports
LaRoja,anfp.cl,Selección Chilena,sports
BCLions,bclions.com,BC Lions,sports
v8supercars,v8supercars.com.au,V8 Supercars,sports
s04_jp,schalke04.jp,FCシャルケ04,sports
NFLFilms,nflfilms.nfl.com,NFL Films,sports
POREOTICS,poreotics.com,POREOTICS,sports
GreatestMatches,WWEGreatestMatches.com,WWE Greatest Matches,sports
CommGamers_RT,CGEsports.org,Now Sponsoring!,sports
Boro,mfc.co.uk,Middlesbrough FC,sports
cannondalePro,cannondale.com,Cannondale Pro,sports
ToyotaRacing,toyotaracing.com,#ToyotaNation,sports
UFCEurope,ticketmaster.ie,#UFCDublin,sports
OlimpicoCol,coc.org.co,COC,sports
OU_MBBall,SoonerSports.com,Oklahoma Basketball,sports
GiantAlpecin,teamgiantalpecin.com,Team Giant-Alpecin,sports
OficialCAP,,Peñarol OFICIAL,sports
runDisney,runDisney.com,runDisney,sports
OfficialAFC_ID,arsenal.com,OfficialAFC_ID,sports
ringofhonor,rohwrestling.com,ROH Wrestling,sports
TexasSports,TexasSports.com,Texas Longhorns,sports
UlsterRugby,ulsterrugby.com,Ulster Rugby,sports
compLexityLive,compLexityGaming.com,compLexity Gaming,sports
1FSVMainz05,mainz05.de,1. FSV Mainz 05 e.V.,sports
ArnoldSports,arnoldsportsfestival.com,ArnoldSports,sports
nacional,nacional.com.uy,Nacional #45,sports
sktelecom_t1,sksports.net,SK telecom T1,sports
ClubNecaxa,,Club Necaxa,sports
LFC_Arabic,liverpoolfc.com,نادي ليفربول,sports
CATalleresdecba,clubtalleres.com.ar,C.A. Talleres,sports
PorscheRaces,porsche.com,Porsche Motorsport,sports
ChelseaLFC,chelseafc.com,Chelsea Ladies FC,sports
WBCBaseball,worldbaseballclassic.com,WBC Baseball ,sports
sc_freiburg,scfreiburg.com,SC Freiburg,sports
juventusfcid,juventus.com,JuventusFC,sports
CAComms,cricketaustralia.com.au,Cricket Australia,sports
SJEarthquakes,sjearthquakes.com,San Jose Earthquakes,sports
ColumbusCrewSC,ColumbusCrewSC.com,Columbus Crew SC,sports
TeamLiquidLoL,teamliquidpro.com,Team Liquid LoL,sports
palmeirasavanti,avantipalmeiras.com.br,Avanti Palmeiras,sports
LeicesterTigers,leicestertigers.com,Leicester Tigers,sports
ChennaiyinFC,indiansuperleague.com,Chennaiyin FC,sports
FIFANewsBrasil,fifa2014.gameswebdir.com,FIFA News,sports
ClubALoficial,,Club Alianza Lima,sports
FIAWEC,fiawec.com,FIA WEC,sports
IIHFHockey,iihf.com,IIHF,sports
dcunited,dcunited.com,D.C. United,sports
realsporting,realsporting.com,Real Sporting,sports
FranceOlympique,franceolympique.com,France Olympique,sports
USC_Athletics,usctrojans.com,USC Trojans,sports
fcstpauli,fcstpauli.com,FC St. Pauli,sports
CDOlimpia,ClubOlimpia.com,Club Olimpia,sports
CARCoficial,rosariocentral.com,Rosario Central,sports
solotigres,solotigres.com,SoloTigres,sports
UConnHuskies,UConnHuskies.com,UConn Huskies,sports
NFLPlayersInc,nflpa.com,NFL Players Inc.,sports
ClemsonTigers,clemsontigers.com,Clemson Athletics,sports
volei,cbv.com.br,CBV,sports
TheSunDevils,thesundevils.com,Sun Devil Athletics,sports
thecgf,thecgf.com,Commonwealth Games,sports
DubaiSC,dubaisportscouncil.ae,مجلس دبي الرياضي,sports
LigaBBVA_ENG,ligabbva.com,Liga BBVA English,sports
FCAugsburg,fcaugsburg.de,FC Augsburg,sports
HailStateFB,,MSU Football,sports
theafcdotcom,the-afc.com,The-AFC.com,sports
LottoJumbo_road,teamlottojumbo.nl,LottoNLJumbo Cycling,sports
fctwente,fctwente.nl,FC Twente,sports
Belgrano,belgranocordoba.com,Belgrano ,sports
USLacrosse,uslacrosse.org,US Lacrosse,sports
americascup,americascup.com,"America's Cup",sports
OfficialBWFC,bwfc.co.uk,Bolton Wanderers FC,sports
kazan2013ru,kazan2013.ru,Универсиада 2013,sports
achtzehn99,achtzehn99.de,TSG 1899 Hoffenheim,sports
TotallyMUFC,twitter.com,Totally Man Utd™,sports
FAWales,faw.cymru,FAWales,sports
GoCards,GoCards.com,Louisville Athletics,sports
TeamLiquidPro,teamliquidpro.com,TeamLiquidPRO,sports
F1TotalOfficiel,,Total F1,sports
FIVBVolleyball,fivb.org,FIVB,sports
RealEsparta,,RealEsparta™,sports
rscanderlecht,rsca.be,RSC Anderlecht,sports
ACAjaccio,ac-ajaccio.com,AC Ajaccio,sports
MillonariosDC_,,Millonarios FC,sports
Paralympic,paralympic.org,Paralympic Games,sports
Federugby,federugby.it,Italrugby,sports
Irelandcricket,cricketireland.ie,Cricket Ireland,sports
JoeGibbsRacing,joegibbsracing.com,Joe Gibbs Racing,sports
NBAIndia,nba.com,NBAIndia,sports
VAFCofficiel,va-fc.com,Valenciennes FC,sports
ncaawrestling,ncaa.com,NCAA Wrestling,sports
Dorados,DoradosFC.com.mx,Dorados de Sinaloa,sports
ChicagoFire,chicago-fire.com,Chicago Fire,sports
TeamVirtuspro,virtus.pro,Team Virtus.pro,sports
uk_sport,uksport.gov.uk,UK Sport,sports
BlueBullsRugby,vodacombulls.co.za,Official Blue Bulls ,sports
SoccerSix,dunknfunk.com,Soccer Six,sports
CitroenRacing,citroenracing.com,Citroën Racing,sports
CheerAthletics,cheerathletics.com,Cheer Athletics,sports
FormulaDrift,formulad.com,Formula Drift,sports
BritAthletics,britishathletics.org.uk,British Athletics,sports
RyderCupUSA,rydercup.com,Ryder Cup Team USA,sports
SpecialOlympics,specialolympics.org,Special Olympics,sports
MiamiHurricanes,HurricaneSports.com,Miami Hurricanes,sports
BritishTennis,lta.org.uk,British Tennis,sports
MiamiOpenTennis,MiamiOpen.com,Miami Open,sports
CollingwoodFC,collingwoodfc.com.au,Collingwood FC,sports
WWEUK,wwe.com,WWE UK,sports
GopherSports,gophersports.com,Minnesota Gophers,sports
EssendonFC,essendonfc.com.au,Essendon FC,sports
tiburones_net,tiburones.net,TiburonesBBC-Oficial,sports
Masandawana,sundownsfc.com,Mamelodi Sundowns FC,sports
usafootball,usafootball.com,USA Football,sports
DCuencaOficial,clubdeportivocuenca.com,ClubDeportivoCuenca,sports
TitanFighting,TitanFighting.com,Titan FC,sports
SCBragaOficial,scbraga.pt,SC Braga,sports
ClemsonFB,DaboSwinney.com,Clemson Football,sports
BfcOfficialPage,bolognafc.it,Bologna Fc 1909,sports
ASAUSASoftball,ASAUSASoftball.com,ASA and USA Softball,sports
JFR_Racing,johnforceracing.com,John Force Racing,sports
Bolivar_Oficial,clubbolivar.com,Club Bolívar Oficial,sports
ChampionsCup,epcrugby.com,Champions Cup,sports
RCD_Mallorca,rcdmallorca.es,RCD Mallorca,sports
Lotto_Soudal,lottosoudal.be,Lotto Soudal,sports
Versusgamers,vsgamers.es,VS Gamers,sports
FC_Basel,fcb.ch,FC Basel 1893,sports
vanssurf,vanssurf.tumblr.com,Vans Surf Team,sports
NHLPlayerSafety,NHL.com,NHL Player Safety,sports
FCDallas,fcdallas.com,#DecisionDay,sports
atletienglish,en.clubatleticodemadrid.com,Atleti English,sports
teamkstars,keyd.com.br,VivoFibra Keyd Stars,sports
AlShababSaudiFC,,نادي الشباب السعودي,sports
TourofBritain,tourofbritain.co.uk,The Tour of Britain,sports
LonghornNetwork,LonghornNetwork.com,Longhorn Network,sports
PFA,thepfa.com,PFA,sports
NCAAFootball,ncaa.com,NCAA Football,sports
elnacionalec,elnacional.ec,Club El Nacional,sports
FIAformulaE,fiaformulae.com,FIAFormulaE,sports
LFCIndia,liverpoolfc.com,LFC India,sports
DIM_Oficial,dimoficial.com,DIM,sports
NZWarriors,warriors.co.nz,Vodafone Warriors,sports
Rote_Teufel,fck.de,1. FC Kaiserslautern,sports
WBCBoxing,wbcboxing.com,World Boxing Council,sports
nycmarathon,tcsnycmarathon.org,TCS NYC Marathon,sports
sdeibar,sdeibar.com,SD Eibar,sports
usta,usta.com,USTA,sports
PhilaUnion,philadelphiaunion.com,Philadelphia Union,sports
CruzadosSADP,cruzados.cl,Universidad Católica,sports
NFL345,nfl.com,NFL345,sports
ThaiLFC,thailand.liverpoolfc.com,LFC Thailand,sports
DFB_Junioren,dfb.de,DFB-Junioren,sports
Hincha_Azul,,Hincha Azul Emelec,sports
RealSaltLake,RealSaltLake.com,Real Salt Lake,sports
SSFCRABBITOHS,rabbitohs.com.au,South Sydney,sports
INABadminton,badmintonindonesia.org,BADMINTON INDONESIA,sports
AnadoluEfesSK,anadoluefessk.org,Anadolu Efes SK,sports
Wyverns_Story,twitter.com,SK wyverns,sports
volvooceanrace,volvooceanrace.com,Volvo Ocean Race,sports
ChapecoenseReal,chapecoense.com,Chapecoense,sports
olimpiaparaguay,olimpiaparaguay.com,Club Olimpia,sports
TheAFCCL,the-afc.com,AFC Champions League,sports
timebrasil,timebrasil.org.br,Time Brasil,sports
worldtriathlon,triathlon.org,World Triathlon,sports
brisbanebroncos,broncos.com.au,Brisbane Broncos,sports
GiantsGaming,Giantsgaming.pro,Giants Gaming,sports
CarltonFC,carltonfc.com.au,Carlton FC,sports
TO2015,toronto2015.org,TORONTO 2015 ,sports
swissteam,swissolympicteam.ch,Swiss Olympic Team,sports
Adelaide_FC,afc.com.au,Adelaide Crows,sports
HNS_CFF,hns-cff.hr,HNS | CFF,sports
usap_officiel,fr.usap.fr,Usap,sports
HondaRacingF1,hondaracingF1.com,Honda Racing F1,sports
GSaray_SK,,Galatasaray SK,sports
palermocalcioit,palermocalcio.it,US Città di Palermo,sports
RepSscNapoli,repubblica.it,Calcio Napoli,sports
NCAAIceHockey,ncaa.com,NCAA Ice Hockey,sports
storm,melbournestorm.com.au,Melbourne Storm,sports
NBA_Spain,,NBA Spain,sports
Catania,calciocatania.it,Calcio Catania,sports
SFV_ASF,football.ch,nationalteams_SFVASF,sports
FRABasketball,ffbb.com,Equipe France Basket,sports
wswanderersfc,wswanderersfc.com.au,WS Wanderers FC,sports
NBAJPN,NBA.com,NBA Japan,sports
screamqueendaff,,Daffney Unger,sports
QSL,qsl.com.qa,Qatar Stars League,sports
Seminoles_com,seminoles.com,Seminole Athletics,sports
SDQUITO,deportivoquito.com,Deportivo Quito,sports
FedCup,fedcup.com,Fed Cup,sports
StarsBBL,melbournestars.com.au,Melbourne Stars,sports
milanomarathon,milanomarathon.it,MilanoMarathon,sports
WBABoxing,wbanews.com,WBA,sports
NewCorinthians,,NewCorinthians,sports
sydneyswans,sydneyswans.com.au,Sydney Swans,sports
ussoccer_ynt,ussoccer.com,U.S. Soccer YNT,sports
HawthornFC,hawthornfc.com.au,Hawthorn FC,sports
NFLUK,nfluk.com,NFLUK,sports
NCAAVolleyball,ncaa.com,NCAA Volleyball,sports
PSG_Sverige,psg.fr,PSG Sverige,sports
official_rfs,rfs.ru,РФС,sports
ECUADORolimpico,coe.org.ec,Comite_Olimpico_Ecu,sports
crusadersrugby,crusaders.co.nz,The Crusaders,sports
SAFA_net,safa.net,SAFA.net,sports
katushacycling,katushateam.com,Katusha Team,sports
qatar_olympic,olympic.qa,Qatar Olympic Team,sports
Lusa_Oficial,portuguesa.com.br,Portuguesa - Oficial,sports
evo2k,evo.shoryuken.com,Evo,sports
atlrs_official,so-net.ne.jp,鹿島アントラーズ　公式,sports
AUSOlympicTeam,olympics.com.au,AUS Olympic Team,sports